Country,Year,Level (cm),Rainfall,Temperature,Value (million USD),GDP_Growth
Viet Nam,2012,142,134.5844704,25.45679167,13091.04023,5.247367111
Viet Nam,2013,195,169.7369762,25.123115,12952.91366,5.421873799
Viet Nam,2014,186,132.8047117,25.22655333,13708.32854,5.983634849
Viet Nam,2015,102,132.3887597,25.587185,12948.87898,6.67930813
Viet Nam,2016,128.5,159.4309477,25.71887,12324.06982,6.210812203
